id,gender,age,glucose,cholesterol,sick,res,res_level
1,Male,25,92.0,180.0,171.2,0.0,low
2,Female,30,105.0,190.0,181.5,0.17820069204152264,low
10,Female,30,105.0,190.0,181.5,0.17820069204152264,low
3,Male,45,110.0,210.0,200.0,0.4982698961937717,normal
9,Male,45,110.0,210.0,200.0,0.4982698961937717,normal
7,Male,60,130.0,240.0,229.0,1.0,danger
